{
  "circles": [
    [
      0.08025671470144707,
      0.680014983045508,
      0.08025671470144707
    ],
    [
      0.5421767879509973,
      0.10150487435994701,
      0.10150487435994701
    ],
    [
      0.34399156124328817,
      0.8952701387974425,
      0.10472986120255745
    ],
    [
      0.8891500718972166,
      0.15812443908433826,
      0.11081027421238726
    ],
    [
      0.4509745272918595,
      0.2865056925249082,
      0.10475504678578201
    ],
    [
      0.8957292804146391,
      0.37586941606798047,
      0.10427071958536094
    ],
    [
      0.7380200164511589,
      0.49361258751001935,
      0.09242792142750916
    ],
    [
      0.3366272967180759,
      0.48044928778077667,
      0.11984210534386894
    ],
    [
      0.11695100023086141,
      0.11722191110532507,
      0.11688837358651916
    ],
    [
      0.10886682637501563,
      0.4937001745453072,
      0.10824194936925813
    ],
    [
      0.4854141040879081,
      0.6614248474038216,
      0.11440382939943342
    ],
    [
      0.12000430216765957,
      0.876342337344085,
      0.12000430216765957
    ],
    [
      0.77899093361781,
      0.9015269850577352,
      0.09847301494226479
    ],
    [
      0.2668153175782339,
      0.6979828366631258,
      0.1071154884506389
    ],
    [
      0.5648726423465471,
      0.8786787074467658,
      0.1167734741755101
    ],
    [
      0.25084996839813917,
      0.28307474418119755,
      0.09536584180225383
    ],
    [
      0.07874671989021371,
      0.3091753751220277,
      0.07870532491552906
    ],
    [
      0.7114986938197564,
      0.6991993623859136,
      0.11481474684680032
    ],
    [
      0.719288672057943,
      0.07733743672462337,
      0.0772482641684979
    ],
    [
      0.9083349665202323,
      0.7620269224044605,
      0.09166503347976773
    ],
    [
      0.5520738765810624,
      0.46049897184597816,
      0.09644367112927346
    ],
    [
      0.3370337740006457,
      0.10363529091935064,
      0.10361338050691199
    ],
    [
      0.905664598413568,
      0.5760012780754452,
      0.09433540158643205
    ],
    [
      0.6848489500652907,
      0.2802930004455434,
      0.12723196104608528
    ]
  ],
  "n": 24,
  "metric": 2.4799215751916956
}