{
  "circles": [
    [
      0.7187542280607585,
      0.8853684030671968,
      0.11463159693280323
    ],
    [
      0.5357344070107318,
      0.10652388798224123,
      0.10652388798224123
    ],
    [
      0.6776188815587527,
      0.2552445902976244,
      0.09901475075251524
    ],
    [
      0.8888738508574475,
      0.09718898545108341,
      0.09718898545108341
    ],
    [
      0.11584890606292914,
      0.493883375238612,
      0.11582549479880325
    ],
    [
      0.262745577574312,
      0.8941188407467748,
      0.10588115925322517
    ],
    [
      0.10357087327550887,
      0.2748208311952192,
      0.10357087327550887
    ],
    [
      0.5109793063974748,
      0.5155677994396015,
      0.090912599470216
    ],
    [
      0.4858441103925403,
      0.8615311511360744,
      0.11948741155452096
    ],
    [
      0.29781816890577334,
      0.13885568618502478,
      0.13350520918587216
    ],
    [
      0.8747573345774242,
      0.7031233335675044,
      0.12524266542257578
    ],
    [
      0.715512204671769,
      0.4696198035226643,
      0.1186410423674241
    ],
    [
      0.47616956838575736,
      0.31620894207776074,
      0.11145728531366568
    ],
    [
      0.08536057693230166,
      0.08628189094481004,
      0.08536057693230166
    ],
    [
      0.9157438380923018,
      0.9130227665515522,
      0.08425616190769825
    ],
    [
      0.8843794378321082,
      0.30884439098936484,
      0.11451413318918773
    ],
    [
      0.9188441417889222,
      0.5014639950727654,
      0.08115585821107785
    ],
    [
      0.6331379549939513,
      0.6803067917890343,
      0.10757682614595612
    ],
    [
      0.7163690420517395,
      0.07660949719413344,
      0.076539033008841
    ],
    [
      0.3090609545503728,
      0.7193949798189115,
      0.0748770818368395
    ],
    [
      0.07930848586693053,
      0.9195718433552198,
      0.07930848586693053
    ],
    [
      0.3251851302213036,
      0.5475989040973774,
      0.09762245712823082
    ],
    [
      0.4507229531539238,
      0.6701976134920883,
      0.0750428388260876
    ],
    [
      0.11673752454376798,
      0.7262831401960809,
      0.11657596904144729
    ],
    [
      0.2781579852869545,
      0.36370882993494186,
      0.0921718540248359
    ]
  ],
  "n": 25,
  "metric": 2.526884237879889
}