{
  "circles": [
    [
      0.9186144789230396,
      0.920197578824078,
      0.07980242117592196
    ],
    [
      0.46361217029204005,
      0.26845475179788214,
      0.13926837753837984
    ],
    [
      0.2699709707913749,
      0.44659897372910795,
      0.12385189524868279
    ],
    [
      0.6000139986475883,
      0.08744891057053304,
      0.08737798430569821
    ],
    [
      0.9047595294041824,
      0.7486806027753267,
      0.09227323863416867
    ],
    [
      0.9175075876210677,
      0.4392615090639537,
      0.08249241237893234
    ],
    [
      0.0729723244510501,
      0.48453555702777157,
      0.0729445246995564
    ],
    [
      0.496764136638559,
      0.5056153118643467,
      0.10019807966111999
    ],
    [
      0.7015313960741205,
      0.8604693979423615,
      0.13953060205763845
    ],
    [
      0.36513799041843537,
      0.6204895798789326,
      0.07437702426572801
    ],
    [
      0.6317052523195124,
      0.3938072214536383,
      0.07040731656026444
    ],
    [
      0.15114466458936146,
      0.6906083643254223,
      0.14745719187777548
    ],
    [
      0.7235422720045637,
      0.5821526475127865,
      0.1391351318888137
    ],
    [
      0.9312365430306911,
      0.5898713042180037,
      0.0687025159962783
    ],
    [
      0.24884524298004432,
      0.24724664810562663,
      0.07654315303692913
    ],
    [
      0.1136303017988866,
      0.11357264588942792,
      0.11357264588942792
    ],
    [
      0.7760675510043948,
      0.378032978442649,
      0.07163161858369788
    ],
    [
      0.35661454702198814,
      0.7660398514198011,
      0.07142127173193391
    ],
    [
      0.7821011354046494,
      0.09477946865817598,
      0.09477946865817598
    ],
    [
      0.6874821232101854,
      0.24817708946602604,
      0.08545256938768615
    ],
    [
      0.8978118527004355,
      0.2540703845833339,
      0.10210264326005049
    ],
    [
      0.4647012248095982,
      0.8995770242486026,
      0.10037775749195851
    ],
    [
      0.5179597828771476,
      0.7056897782166073,
      0.10058451169863497
    ],
    [
      0.31687335813830836,
      0.09092780994977513,
      0.09092780994977513
    ],
    [
      0.2659710185691858,
      0.9052976534316347,
      0.09470234656836529
    ],
    [
      0.08581060184308005,
      0.9143610579422143,
      0.08563894205778566
    ],
    [
      0.0935428596515139,
      0.3195224024404725,
      0.093345848158542
    ]
  ],
  "n": 27,
  "metric": 2.5988993027619216
}