{
  "circles": [
    [
      0.6751146616420324,
      0.9034837051086965,
      0.09651629489130353
    ],
    [
      0.5676312233553606,
      0.7749584753921614,
      0.07102899504431866
    ],
    [
      0.7193560222766421,
      0.4708393749569543,
      0.10469001871757899
    ],
    [
      0.36491353767375295,
      0.097857771088674,
      0.097857771088674
    ],
    [
      0.4742065503101908,
      0.2521244530940402,
      0.09120087533643809
    ],
    [
      0.9041300143435622,
      0.5488322413625423,
      0.09586998565643778
    ],
    [
      0.11412167250873732,
      0.8858783274912636,
      0.1141216725087364
    ],
    [
      0.3865079813734919,
      0.4199403452128171,
      0.09814857050687002
    ],
    [
      0.3053001922483101,
      0.6022071050611784,
      0.10139059046215557
    ],
    [
      0.14418948343008514,
      0.4168617188304811,
      0.14418948343008514
    ],
    [
      0.5267992392302908,
      0.5877510011317695,
      0.12057969303260861
    ],
    [
      0.4922697139558904,
      0.9134025116380633,
      0.0865974883619367
    ],
    [
      0.25234384969982554,
      0.7648142177812177,
      0.06962241291262156
    ],
    [
      0.7437190150331131,
      0.6961185566547345,
      0.12190271091530125
    ],
    [
      0.5571401641906808,
      0.3952938338763931,
      0.07425442347529962
    ],
    [
      0.7052431291529953,
      0.06596339923682819,
      0.06596339923682819
    ],
    [
      0.13502001604122765,
      0.13502001604123348,
      0.13502001604122765
    ],
    [
      0.1068124615496732,
      0.6650651326244361,
      0.1068124615496732
    ],
    [
      0.8818245813849314,
      0.11817541861507148,
      0.11817541861506864
    ],
    [
      0.9325692301067132,
      0.7096375515046137,
      0.06743076989328678
    ],
    [
      0.40960240697644834,
      0.7599431926980709,
      0.08771156536952567
    ],
    [
      0.3051957186194862,
      0.2634677503849557,
      0.07819018588644759
    ],
    [
      0.3162208709626475,
      0.9105251326986439,
      0.08947486730135612
    ],
    [
      0.6844604317896572,
      0.24982154179420976,
      0.11906561766146385
    ],
    [
      0.8913947913364006,
      0.344754023055984,
      0.10860520866359935
    ],
    [
      0.5518030556346055,
      0.08923075688079667,
      0.08923075688079667
    ],
    [
      0.8854286935255233,
      0.8854286935255223,
      0.11457130647447666
    ]
  ],
  "n": 27,
  "metric": 2.668222559914116
}