{
  "circles": [
    [
      0.7207791533409449,
      0.8897411280656351,
      0.1102588719343649
    ],
    [
      0.5207464688894321,
      0.10013714810844809,
      0.10013714810844809
    ],
    [
      0.6737190254765337,
      0.2743943934116755,
      0.13173822921623804
    ],
    [
      0.8775315486260966,
      0.12246845137390296,
      0.12246845137390296
    ],
    [
      0.10968263034665421,
      0.4819776501148493,
      0.10968263034665421
    ],
    [
      0.2573569717345442,
      0.9018875595311251,
      0.0981124404688749
    ],
    [
      0.10337795006689936,
      0.26901037109591014,
      0.10337795006689936
    ],
    [
      0.5172506423922211,
      0.48052828333833725,
      0.1270542271678706
    ],
    [
      0.4823088359468267,
      0.8710577859169824,
      0.12894221408301765
    ],
    [
      0.2920282634454378,
      0.13060092705273096,
      0.13060092705273096
    ],
    [
      0.87210399766182,
      0.7058429615956198,
      0.12789600233818
    ],
    [
      0.7521479792617791,
      0.5017910010434382,
      0.10880348848421745
    ],
    [
      0.4547101848695405,
      0.2755280751849735,
      0.08727354557769003
    ],
    [
      0.08335454219671812,
      0.08335454219671687,
      0.08335454219671687
    ],
    [
      0.9147181353842186,
      0.9147181353842174,
      0.08528186461578136
    ],
    [
      0.896950216923678,
      0.3471490900393104,
      0.10304978307632195
    ],
    [
      0.9301590632955131,
      0.516820459188549,
      0.06984093670448688
    ],
    [
      0.6347265676811277,
      0.6867153205374864,
      0.11025082404565009
    ],
    [
      0.6901684091504591,
      0.07166120262064554,
      0.07166120262064554
    ],
    [
      0.32496241251513036,
      0.7451669922630352,
      0.0725680558626326
    ],
    [
      0.08007966235307293,
      0.9199203376469283,
      0.08007966235307173
    ],
    [
      0.3043087120918092,
      0.5699214534601088,
      0.10389036476813958
    ],
    [
      0.45113368482912386,
      0.6704636953939319,
      0.07405995142263065
    ],
    [
      0.1271163323411444,
      0.7181339855470884,
      0.1271163323411444
    ],
    [
      0.28642622892240494,
      0.363970306588378,
      0.10283568124950447
    ]
  ],
  "n": 25,
  "metric": 2.5703353274758154
}