{
  "circles": [
    [
      0.07459392312155938,
      0.6797387193960553,
      0.07459392312155938
    ],
    [
      0.5418596779645375,
      0.09652261539612599,
      0.09652261539612599
    ],
    [
      0.3728867865215268,
      0.8794619752832098,
      0.1205380247167902
    ],
    [
      0.8830511116754919,
      0.11694888832450825,
      0.11694888832450812
    ],
    [
      0.4592882707858261,
      0.2838119836296935,
      0.10816090796812072
    ],
    [
      0.9002209405356056,
      0.33299564328672243,
      0.09977905946439436
    ],
    [
      0.7641126638032798,
      0.44461170024809255,
      0.07624255047781693
    ],
    [
      0.35961056871957325,
      0.4800404429454125,
      0.1119328278233168
    ],
    [
      0.11675182813937184,
      0.11675182813937295,
      0.11675182813937184
    ],
    [
      0.12389737104479648,
      0.4874681707342401,
      0.12389737104479648
    ],
    [
      0.4870036275974521,
      0.670704557612522,
      0.11737438111712763
    ],
    [
      0.12620694580954672,
      0.8737930541904532,
      0.12620694580954672
    ],
    [
      0.8720791347187343,
      0.872079134718734,
      0.12792086528126567
    ],
    [
      0.2594715836359219,
      0.6784200677726019,
      0.11028844001610691
    ],
    [
      0.6187738244737533,
      0.8746029819739995,
      0.12539701802600045
    ],
    [
      0.2470981097876577,
      0.29533600599321186,
      0.10434195675578477
    ],
    [
      0.07140108521798041,
      0.2993574932249276,
      0.07140108521798041
    ],
    [
      0.7319876510181785,
      0.6470685618305756,
      0.12874719865192097
    ],
    [
      0.7042748003831577,
      0.06832251665062472,
      0.06832251665062472
    ],
    [
      0.9288884443287789,
      0.6813263970402486,
      0.07111155567122107
    ],
    [
      0.5799530838601266,
      0.4643266055050939,
      0.10896929680559278
    ],
    [
      0.33940896368230705,
      0.10615722425562943,
      0.10615722425562943
    ],
    [
      0.9106152163758423,
      0.5218736953779759,
      0.0893847836241577
    ],
    [
      0.689536734504125,
      0.2594504063814145,
      0.12337276450882452
    ]
  ],
  "n": 24,
  "metric": 2.5243640288685847
}