{
  "n": 26,
  "x": [
    0.5013319244967335,
    0.7283701485368314,
    0.5966412164069816,
    0.5005716308610171,
    0.4047802670507484,
    0.2730942856657178,
    0.2973903962807177,
    0.5044682393260885,
    0.7052539409715719,
    0.9042676707333971,
    0.7602894720984869,
    0.6868841900482816,
    0.3140569779946276,
    0.24064759841313954,
    0.09615133400539044,
    0.10346723331830682,
    0.10518256022927533,
    0.29769047489061357,
    0.7053905112387081,
    0.8932098554107312,
    0.8969394798981025,
    0.08492626241340065,
    0.9153604993457539,
    0.11115617937156931,
    0.8892209872481973,
    0.5027155537961605
  ],
  "y": [
    0.5299634197561865,
    0.5976347963974249,
    0.742417049525872,
    0.9060726627631578,
    0.742049443484792,
    0.5960427019177355,
    0.3816658444408157,
    0.27534261674898,
    0.38692355339829815,
    0.6832585349914024,
    0.7636735694097463,
    0.9076084484697916,
    0.907407905089298,
    0.7629588636802889,
    0.6820800429507947,
    0.48259558220880383,
    0.27395283960135336,
    0.13325857273414538,
    0.1302211010282564,
    0.27478328332830404,
    0.48460080265037586,
    0.08492626241340048,
    0.08463950065424564,
    0.8888438206284306,
    0.8892209872481961,
    0.07886037287385762
  ],
  "r": [
    0.13701043018744247,
    0.0998983506527371,
    0.09584232580508287,
    0.09392733733683208,
    0.09601897581784886,
    0.10060036787876508,
    0.11514888022153208,
    0.1176296881082985,
    0.11207708901145666,
    0.0957323293665893,
    0.06918067641414521,
    0.09239155163019276,
    0.09259209501068962,
    0.06944019376819537,
    0.09615133410537387,
    0.10346723341829325,
    0.10518256032926045,
    0.13325857283412915,
    0.13022110112823834,
    0.10679014468925294,
    0.10306052020188146,
    0.08492626251338369,
    0.08463950075422898,
    0.11115617947155364,
    0.11077901285178697,
    0.07886037297384499
  ],
  "sum_r": 2.635983086481036,
  "disk_disk_edges": [
    [
      3,
      12
    ],
    [
      0,
      8
    ],
    [
      5,
      6
    ],
    [
      0,
      7
    ],
    [
      3,
      11
    ],
    [
      2,
      11
    ],
    [
      5,
      15
    ],
    [
      14,
      15
    ],
    [
      6,
      15
    ],
    [
      9,
      24
    ],
    [
      6,
      16
    ],
    [
      6,
      7
    ],
    [
      5,
      14
    ],
    [
      17,
      25
    ],
    [
      0,
      2
    ],
    [
      0,
      1
    ],
    [
      12,
      23
    ],
    [
      14,
      23
    ],
    [
      1,
      9
    ],
    [
      11,
      24
    ],
    [
      8,
      20
    ],
    [
      2,
      4
    ],
    [
      7,
      17
    ],
    [
      9,
      20
    ],
    [
      18,
      19
    ],
    [
      15,
      16
    ],
    [
      0,
      6
    ],
    [
      3,
      4
    ],
    [
      7,
      25
    ],
    [
      1,
      2
    ],
    [
      19,
      20
    ],
    [
      10,
      11
    ],
    [
      13,
      14
    ],
    [
      1,
      10
    ],
    [
      2,
      10
    ],
    [
      6,
      17
    ],
    [
      2,
      3
    ],
    [
      10,
      24
    ],
    [
      9,
      10
    ],
    [
      0,
      4
    ],
    [
      1,
      8
    ],
    [
      4,
      12
    ],
    [
      8,
      19
    ],
    [
      12,
      13
    ],
    [
      7,
      18
    ],
    [
      1,
      20
    ],
    [
      13,
      23
    ],
    [
      0,
      5
    ],
    [
      7,
      8
    ],
    [
      4,
      13
    ],
    [
      16,
      17
    ],
    [
      18,
      25
    ],
    [
      5,
      13
    ],
    [
      4,
      5
    ],
    [
      18,
      22
    ],
    [
      17,
      21
    ],
    [
      16,
      21
    ],
    [
      19,
      22
    ]
  ],
  "disk_disk_slack": [
    -9.999612249345091e-11,
    -9.999515104830436e-11,
    -9.999501227042629e-11,
    -9.999490124812382e-11,
    -9.999490124812382e-11,
    -9.999473471467013e-11,
    -9.999429062546028e-11,
    -9.999376326952358e-11,
    -9.999359673606989e-11,
    -9.999337469146496e-11,
    -9.999306938013319e-11,
    -9.99929028466795e-11,
    -9.999287509110388e-11,
    -9.99927363132258e-11,
    -9.999256977977211e-11,
    -9.99925420241965e-11,
    -9.999212569056226e-11,
    -9.999204242383541e-11,
    -9.999182037923049e-11,
    -9.999182037923049e-11,
    -9.999179262365487e-11,
    -9.999162609020118e-11,
    -9.999162609020118e-11,
    -9.999151506789872e-11,
    -9.99914873123231e-11,
    -9.999143180117187e-11,
    -9.999134853444502e-11,
    -9.999134853444502e-11,
    -9.999134853444502e-11,
    -9.999118200099133e-11,
    -9.99911264898401e-11,
    -9.999087668965956e-11,
    -9.999082117850833e-11,
    -9.99907656673571e-11,
    -9.999073791178148e-11,
    -9.999073791178148e-11,
    -9.999065464505463e-11,
    -9.99905991339034e-11,
    -9.999057137832779e-11,
    -9.999054362275217e-11,
    -9.999046035602532e-11,
    -9.999046035602532e-11,
    -9.999043260044971e-11,
    -9.999037708929848e-11,
    -9.999032157814725e-11,
    -9.999015504469355e-11,
    -9.999009953354232e-11,
    -9.998982197778616e-11,
    -9.998979422221055e-11,
    -9.998957217760562e-11,
    -9.9989183599547e-11,
    -9.998879502148839e-11,
    -9.998860073245908e-11,
    -9.998851746573223e-11,
    -9.998840644342977e-11,
    -9.998837868785415e-11,
    -9.998835093227854e-11,
    -9.998835093227854e-11
  ],
  "disk_wall_contacts": [
    [
      18,
      "B"
    ],
    [
      22,
      "R"
    ],
    [
      21,
      "L"
    ],
    [
      24,
      "T"
    ],
    [
      21,
      "B"
    ],
    [
      22,
      "B"
    ],
    [
      14,
      "L"
    ],
    [
      17,
      "B"
    ],
    [
      20,
      "R"
    ],
    [
      19,
      "R"
    ],
    [
      23,
      "T"
    ],
    [
      24,
      "R"
    ],
    [
      23,
      "L"
    ],
    [
      11,
      "T"
    ],
    [
      16,
      "L"
    ],
    [
      9,
      "R"
    ],
    [
      15,
      "L"
    ],
    [
      25,
      "B"
    ],
    [
      12,
      "T"
    ],
    [
      3,
      "T"
    ]
  ],
  "disk_wall_slack": [
    -9.998193939431133e-11,
    -9.998289696167006e-11,
    -9.998303573954814e-11,
    -9.998306349512376e-11,
    -9.998320227300184e-11,
    -9.998334105087991e-11,
    -9.998342431760676e-11,
    -9.998377126230196e-11,
    -9.998397942911907e-11,
    -9.998410432920934e-11,
    -9.998422922929961e-11,
    -9.998428474045085e-11,
    -9.998432637381427e-11,
    -9.998436800717769e-11,
    -9.998511740771931e-11,
    -9.998639416419763e-11,
    -9.998643579756106e-11,
    -9.998736560934418e-11,
    -9.998764316510034e-11,
    -9.998986361114959e-11
  ],
  "num_disk_disk": 58,
  "num_disk_wall": 20,
  "num_contacts": 78,
  "tol": 1e-07
}