{
  "1": {
    "area": 0.5641895835477563,
    "fejes_toth": 0.537284965911771,
    "mixed_radius_lp": 0.4997665474441027
  },
  "2": {
    "area": 0.7978845608028654,
    "fejes_toth": 0.7598356856515927,
    "mixed_radius_lp": 0.7598338639636931
  },
  "3": {
    "area": 0.9772050238058398,
    "fejes_toth": 0.9306048591020997,
    "mixed_radius_lp": 0.9305983787116667
  },
  "4": {
    "area": 1.1283791670955126,
    "fejes_toth": 1.074569931823542,
    "mixed_radius_lp": 1.0745607980422893
  },
  "5": {
    "area": 1.2615662610100802,
    "fejes_toth": 1.2014057070673771,
    "mixed_radius_lp": 1.2013897349437053
  },
  "10": {
    "area": 1.7841241161527712,
    "fejes_toth": 1.6990442448471226,
    "mixed_radius_lp": 1.6990017695496937
  },
  "15": {
    "area": 2.1850968611841584,
    "fejes_toth": 2.080895725143909,
    "mixed_radius_lp": 2.080871944923213
  },
  "20": {
    "area": 2.5231325220201604,
    "fejes_toth": 2.4028114141347543,
    "mixed_radius_lp": 2.402680625381703
  },
  "26": {
    "area": 2.876813695875796,
    "fejes_toth": 2.7396265255441543,
    "mixed_radius_lp": 2.7394437163804417
  },
  "30": {
    "area": 3.0901936161855166,
    "fejes_toth": 2.942830956382712,
    "mixed_radius_lp": 2.942636446068107
  },
  "32": {
    "area": 3.1915382432114616,
    "fejes_toth": 3.0393427426063706,
    "mixed_radius_lp": 3.0390785629877417
  }
}