{
  "1": {
    "area": 0.5641895835477563,
    "fejes_toth": 0.537284965911771,
    "oler_equal": 0.48098557164665395,
    "oler_socp": 0.48098510252302396
  },
  "2": {
    "area": 0.7978845608028654,
    "fejes_toth": 0.7598356856515927,
    "oler_equal": 0.7167303052807119,
    "oler_socp": 0.7167321493137944
  },
  "3": {
    "area": 0.9772050238058398,
    "fejes_toth": 0.9306048591020997,
    "oler_equal": 0.8943988810670659,
    "oler_socp": 0.8944012406610093
  },
  "4": {
    "area": 1.1283791670955126,
    "fejes_toth": 1.074569931823542,
    "oler_equal": 1.0427557798364981,
    "oler_socp": 1.042756319745685
  },
  "5": {
    "area": 1.2615662610100802,
    "fejes_toth": 1.2014057070673771,
    "oler_equal": 1.1726975553211976,
    "oler_socp": 1.1726981856329624
  },
  "10": {
    "area": 1.7841241161527712,
    "fejes_toth": 1.6990442448471226,
    "oler_equal": 1.6783763446441387,
    "oler_socp": 1.67837577422636
  },
  "15": {
    "area": 2.1850968611841584,
    "fejes_toth": 2.080895725143909,
    "oler_equal": 2.0639175402690952,
    "oler_socp": 2.0639219343735085
  },
  "20": {
    "area": 2.5231325220201604,
    "fejes_toth": 2.4028114141347543,
    "oler_equal": 2.388062856794734,
    "oler_socp": 2.3880621558333344
  },
  "26": {
    "area": 2.876813695875796,
    "fejes_toth": 2.7396265255441543,
    "oler_equal": 2.7266636927366084,
    "oler_socp": 2.726650094819049
  },
  "30": {
    "area": 3.0901936161855166,
    "fejes_toth": 2.942830956382712,
    "oler_equal": 2.930751801859501,
    "oler_socp": 2.930751282610699
  },
  "32": {
    "area": 3.1915382432114616,
    "fejes_toth": 3.0393427426063706,
    "oler_equal": 3.027642655228159,
    "oler_socp": 3.0276459765658696
  }
}