{
  "1": {
    "ft": 0.537284965911771,
    "split": 0.537284965911771,
    "best": 0.537284965911771,
    "known": 0.5
  },
  "2": {
    "ft": 0.7598356856515927,
    "split": 0.7598356856515927,
    "best": 0.7598356856515927,
    "known": 0.5858
  },
  "3": {
    "ft": 0.9306048591020997,
    "split": 0.9279885114677906,
    "best": 0.9279885114677906,
    "known": 0.7645
  },
  "4": {
    "ft": 1.074569931823542,
    "split": 1.074569931823542,
    "best": 1.074569931823542,
    "known": 1.0
  },
  "5": {
    "ft": 1.2014057070673771,
    "split": 1.2014057070673771,
    "best": 1.2014057070673771,
    "known": 1.0854
  },
  "6": {
    "ft": 1.3160740129524926,
    "split": 1.3160740129524926,
    "best": 1.3160740129524926,
    "known": 1.167
  },
  "7": {
    "ft": 1.421522402976362,
    "split": 1.421522402976362,
    "best": 1.421522402976362,
    "known": 1.2885
  },
  "8": {
    "ft": 1.5196713713031853,
    "split": 1.5196713713031853,
    "best": 1.5196713713031853,
    "known": 1.3775
  },
  "9": {
    "ft": 1.6118548977353129,
    "split": 1.6118548977353129,
    "best": 1.6118548977353129,
    "known": 1.4809
  },
  "10": {
    "ft": 1.6990442448471226,
    "split": 1.6990442448471226,
    "best": 1.6990442448471226,
    "known": 1.5911
  },
  "15": {
    "ft": 2.080895725143909,
    "split": 2.080895725143909,
    "best": 2.080895725143909,
    "known": 2.0365
  },
  "20": {
    "ft": 2.4028114141347543,
    "split": 2.4028114141347543,
    "best": 2.4028114141347543,
    "known": 2.301
  },
  "26": {
    "ft": 2.7396265255441543,
    "split": 2.7396265255441543,
    "best": 2.7396265255441543,
    "known": 2.636
  },
  "30": {
    "ft": 2.942830956382712,
    "split": 2.942830956382712,
    "best": 2.942830956382712,
    "known": 2.8425
  },
  "32": {
    "ft": 3.0393427426063706,
    "split": 3.0393427426063706,
    "best": 3.0393427426063706,
    "known": 2.939
  }
}