{
  "10": {
    "area_basic": 1.7841241161527712,
    "area_contain": 1.7841241161527712,
    "lp_basic": 5.00000047386779,
    "lp_tight": 2.8183105685991188,
    "sdp": 1.7841241197179099,
    "best": 1.7841241161527712
  },
  "26": {
    "area_basic": 2.876813695875796,
    "area_contain": 2.876813695875796,
    "lp_basic": 12.999996002213523,
    "lp_tight": 6.818328339609427,
    "best": 2.876813695875796
  }
}