{
  "1": {
    "ft": 0.537284965911771,
    "grid_lp": 0.5,
    "grid_socp": 0.5000000953794108,
    "best": 0.5,
    "known": 0.5,
    "gap": 0.0
  },
  "2": {
    "ft": 0.7598356856515927,
    "grid_lp": 1.0,
    "grid_socp": 1.0000000537490967,
    "best": 0.7598356856515927,
    "known": 0.5858,
    "gap": 0.17403568565159266
  },
  "4": {
    "ft": 1.074569931823542,
    "grid_lp": 2.0,
    "grid_socp": 1.9999999440514145,
    "best": 1.074569931823542,
    "known": 1.0,
    "gap": 0.07456993182354199
  },
  "10": {
    "ft": 1.6990442448471226,
    "grid_lp": 4.499999999999998,
    "grid_socp": 3.000000022014518,
    "best": 1.6990442448471226,
    "known": 1.5911,
    "gap": 0.10794424484712262
  }
}