{
  "1": {
    "area": 0.5641895835477563,
    "fejes_toth": 0.537284965911771,
    "socp": 0.49999999982218335,
    "best_upper_bound": 0.49999999982218335,
    "known_lower_bound": 0.5,
    "gap": -1.7781665029303895e-10,
    "gap_pct": -3.556333005860779e-08,
    "method": "SOCP [EXACT]"
  },
  "2": {
    "area": 0.7978845608028654,
    "fejes_toth": 0.7598356856515927,
    "socp": 0.5857864369695803,
    "best_upper_bound": 0.5857864369695803,
    "known_lower_bound": 0.5858,
    "gap": -1.3563030419661004e-05,
    "gap_pct": -0.0023153005154764434,
    "method": "SOCP [EXACT]"
  },
  "3": {
    "area": 0.9772050238058398,
    "fejes_toth": 0.9306048591020997,
    "socp": 0.8786796564756963,
    "best_upper_bound": 0.8786796564756963,
    "known_lower_bound": 0.7645,
    "gap": 0.11417965647569639,
    "gap_pct": 14.935206864054466,
    "method": "SOCP"
  },
  "4": {
    "area": 1.1283791670955126,
    "fejes_toth": 1.074569931823542,
    "socp": 0.999999999999988,
    "best_upper_bound": 0.999999999999988,
    "known_lower_bound": 1.0,
    "gap": -1.199040866595169e-14,
    "gap_pct": -1.199040866595169e-12,
    "method": "SOCP [EXACT]"
  },
  "5": {
    "area": 1.2615662610100802,
    "fejes_toth": 1.2014057070673771,
    "socp": 1.2014057069737032,
    "best_upper_bound": 1.2014057069737032,
    "known_lower_bound": 1.0854,
    "gap": 0.11600570697370327,
    "gap_pct": 10.68783001416098,
    "method": "FT"
  },
  "6": {
    "area": 1.381976597885342,
    "fejes_toth": 1.3160740129524926,
    "socp": 1.3160740129551576,
    "best_upper_bound": 1.3160740129524926,
    "known_lower_bound": 1.167,
    "gap": 0.14907401295249256,
    "gap_pct": 12.774122789416671,
    "method": "FT"
  },
  "7": {
    "area": 1.4927053303604616,
    "fejes_toth": 1.421522402976362,
    "socp": 1.42152240323495,
    "best_upper_bound": 1.421522402976362,
    "known_lower_bound": 1.2885,
    "gap": 0.13302240297636203,
    "gap_pct": 10.323818624475129,
    "method": "FT"
  },
  "8": {
    "area": 1.5957691216057308,
    "fejes_toth": 1.5196713713031853,
    "socp": 1.519671371305534,
    "best_upper_bound": 1.5196713713031853,
    "known_lower_bound": 1.3775,
    "gap": 0.14217137130318536,
    "gap_pct": 10.320970693516179,
    "method": "FT"
  },
  "9": {
    "area": 1.692568750643269,
    "fejes_toth": 1.6118548977353129,
    "socp": 1.6118548977063036,
    "best_upper_bound": 1.6118548977063036,
    "known_lower_bound": 1.4809,
    "gap": 0.13095489770630353,
    "gap_pct": 8.84292644380468,
    "method": "FT"
  },
  "10": {
    "area": 1.7841241161527712,
    "fejes_toth": 1.6990442448471226,
    "socp": 1.6990442446183522,
    "best_upper_bound": 1.6990442446183522,
    "known_lower_bound": 1.5911,
    "gap": 0.10794424461835228,
    "gap_pct": 6.784252694258832,
    "method": "FT"
  },
  "15": {
    "area": 2.1850968611841584,
    "fejes_toth": 2.080895725143909,
    "socp": 2.0808957252330544,
    "best_upper_bound": 2.080895725143909,
    "known_lower_bound": 2.0365,
    "gap": 0.04439572514390866,
    "gap_pct": 2.180001234662836,
    "method": "FT"
  },
  "20": {
    "area": 2.5231325220201604,
    "fejes_toth": 2.4028114141347543,
    "socp": 2.4028114140531978,
    "best_upper_bound": 2.4028114140531978,
    "known_lower_bound": 2.301,
    "gap": 0.1018114140531976,
    "gap_pct": 4.424659454723929,
    "method": "FT"
  },
  "26": {
    "area": 2.876813695875796,
    "fejes_toth": 2.7396265255441543,
    "socp": 2.739626525033225,
    "best_upper_bound": 2.739626525033225,
    "known_lower_bound": 2.636,
    "gap": 0.10362652503322467,
    "gap_pct": 3.9312035293332572,
    "method": "FT"
  },
  "30": {
    "area": 3.0901936161855166,
    "fejes_toth": 2.942830956382712,
    "socp": 2.9428309535000476,
    "best_upper_bound": 2.9428309535000476,
    "known_lower_bound": 2.8425,
    "gap": 0.10033095350004784,
    "gap_pct": 3.5296729463517273,
    "method": "FT"
  },
  "32": {
    "area": 3.1915382432114616,
    "fejes_toth": 3.0393427426063706,
    "socp": 3.0393427421451724,
    "best_upper_bound": 3.0393427421451724,
    "known_lower_bound": 2.939,
    "gap": 0.10034274214517236,
    "gap_pct": 3.4141797259330504,
    "method": "FT"
  }
}