{
  "1": {
    "area": 0.5641895835477563,
    "fejes_toth": 0.537284965911771,
    "oler_socp": 0.48099,
    "containment": 0.5,
    "best": 0.48099,
    "known": 0.5,
    "gap": -0.019010000000000027,
    "gap_pct": -3.8020000000000054
  },
  "2": {
    "area": 0.7978845608028654,
    "fejes_toth": 0.7598356856515927,
    "oler_socp": 0.71673,
    "pair_bound": 0.5857864376269049,
    "best": 0.5857864376269049,
    "known": 0.5858,
    "gap": -1.3562373095132862e-05,
    "gap_pct": -0.0023151883057584265
  },
  "3": {
    "area": 0.9772050238058398,
    "fejes_toth": 0.9306048591020997,
    "oler_socp": 0.8944,
    "socp_pair": 0.8787,
    "best": 0.8787,
    "known": 0.7645,
    "gap": 0.11420000000000008,
    "gap_pct": 14.937867887508189
  },
  "4": {
    "area": 1.1283791670955126,
    "fejes_toth": 1.074569931823542,
    "oler_socp": 1.04276,
    "top4_bound": 1.0,
    "best": 1.0,
    "known": 1.0,
    "gap": 0.0,
    "gap_pct": 0.0
  },
  "5": {
    "area": 1.2615662610100802,
    "fejes_toth": 1.2014057070673771,
    "oler_socp": 1.1727,
    "best": 1.1727,
    "known": 1.0854,
    "gap": 0.08730000000000016,
    "gap_pct": 8.043117744610296
  },
  "6": {
    "area": 1.381976597885342,
    "fejes_toth": 1.3160740129524926,
    "best": 1.3160740129524926,
    "known": 1.167,
    "gap": 0.14907401295249256,
    "gap_pct": 12.774122789416671
  },
  "7": {
    "area": 1.4927053303604616,
    "fejes_toth": 1.421522402976362,
    "best": 1.421522402976362,
    "known": 1.2885,
    "gap": 0.13302240297636203,
    "gap_pct": 10.323818624475129
  },
  "8": {
    "area": 1.5957691216057308,
    "fejes_toth": 1.5196713713031853,
    "best": 1.5196713713031853,
    "known": 1.3775,
    "gap": 0.14217137130318536,
    "gap_pct": 10.320970693516179
  },
  "9": {
    "area": 1.692568750643269,
    "fejes_toth": 1.6118548977353129,
    "best": 1.6118548977353129,
    "known": 1.4809,
    "gap": 0.13095489773531277,
    "gap_pct": 8.842926445763574
  },
  "10": {
    "area": 1.7841241161527712,
    "fejes_toth": 1.6990442448471226,
    "oler_socp": 1.67838,
    "best": 1.67838,
    "known": 1.5911,
    "gap": 0.08728000000000002,
    "gap_pct": 5.485513166991391
  },
  "15": {
    "area": 2.1850968611841584,
    "fejes_toth": 2.080895725143909,
    "oler_socp": 2.06392,
    "best": 2.06392,
    "known": 2.0365,
    "gap": 0.027419999999999778,
    "gap_pct": 1.346427694574013
  },
  "20": {
    "area": 2.5231325220201604,
    "fejes_toth": 2.4028114141347543,
    "oler_socp": 2.38806,
    "best": 2.38806,
    "known": 2.301,
    "gap": 0.0870599999999997,
    "gap_pct": 3.7835723598435327
  },
  "26": {
    "area": 2.876813695875796,
    "fejes_toth": 2.7396265255441543,
    "oler_socp": 2.72665,
    "best": 2.72665,
    "known": 2.636,
    "gap": 0.09064999999999968,
    "gap_pct": 3.438922610015162
  },
  "30": {
    "area": 3.0901936161855166,
    "fejes_toth": 2.942830956382712,
    "oler_socp": 2.93075,
    "best": 2.93075,
    "known": 2.8425,
    "gap": 0.08825000000000038,
    "gap_pct": 3.1046613896218256
  },
  "32": {
    "area": 3.1915382432114616,
    "fejes_toth": 3.0393427426063706,
    "oler_socp": 3.02764,
    "best": 3.02764,
    "known": 2.939,
    "gap": 0.08863999999999983,
    "gap_pct": 3.0159918339571226
  }
}