{
  "1": {
    "area": 0.5641895835477563,
    "fejes_toth": 0.537284965911771,
    "lp_ft": 0.4999971566151995,
    "best": 0.4999971566151995
  },
  "2": {
    "area": 0.7978845608028654,
    "fejes_toth": 0.7598356856515927,
    "lp_ft": 0.7598407465893344,
    "best": 0.7598356856515927
  },
  "3": {
    "area": 0.9772050238058398,
    "fejes_toth": 0.9306048591020997,
    "lp_ft": 0.9306065623839552,
    "best": 0.9306048591020997
  },
  "4": {
    "area": 1.1283791670955126,
    "fejes_toth": 1.074569931823542,
    "lp_ft": 1.0745716520528819,
    "best": 1.074569931823542
  },
  "5": {
    "area": 1.2615662610100802,
    "fejes_toth": 1.2014057070673771,
    "lp_ft": 1.2014073443768734,
    "best": 1.2014057070673771
  },
  "10": {
    "area": 1.7841241161527712,
    "fejes_toth": 1.6990442448471226,
    "lp_ft": 1.6990441855079013,
    "best": 1.6990441855079013
  },
  "15": {
    "area": 2.1850968611841584,
    "fejes_toth": 2.080895725143909,
    "lp_ft": 2.0808955807450076,
    "best": 2.0808955807450076
  },
  "20": {
    "area": 2.5231325220201604,
    "fejes_toth": 2.4028114141347543,
    "lp_ft": 2.4028124724513127,
    "best": 2.4028114141347543
  },
  "26": {
    "area": 2.876813695875796,
    "fejes_toth": 2.7396265255441543,
    "lp_ft": 2.7396294952792815,
    "best": 2.7396265255441543
  },
  "30": {
    "area": 3.0901936161855166,
    "fejes_toth": 2.942830956382712,
    "lp_ft": 2.942835612752293,
    "best": 2.942830956382712
  },
  "32": {
    "area": 3.1915382432114616,
    "fejes_toth": 3.0393427426063706,
    "lp_ft": 3.0393486079822183,
    "best": 3.0393427426063706
  }
}