{
  "10": {
    "area": 1.7841241161527712,
    "fejes_toth": 1.6990442448471226,
    "socp_enhanced": 1.6990442433649633,
    "sdp_pair": 1.6990442393031118,
    "best": 1.6990442393031118,
    "known": 1.5911,
    "gap": 0.10794423930311181
  },
  "26": {
    "area": 2.876813695875796,
    "fejes_toth": 2.7396265255441543,
    "socp_enhanced": 2.739626525444499,
    "best": 2.739626525444499,
    "known": 2.636,
    "gap": 0.1036265254444988
  }
}