{
  "1": {
    "area": 0.5641895835477563,
    "sdp_basic": 0.4999999993268153,
    "sdp_rlt": 0.4999999993268153,
    "best": 0.4999999993268153,
    "known": 0.5
  },
  "2": {
    "area": 0.7978845608028654,
    "sdp_basic": 0.7978845608003906,
    "sdp_rlt": 0.7978845949632629,
    "best": 0.7978845608003906,
    "known": 0.5858
  },
  "3": {
    "area": 0.9772050238058398,
    "sdp_basic": 0.9772050242266235,
    "sdp_rlt": 0.9772050278283658,
    "best": 0.9772050238058398,
    "known": 0.7645
  },
  "4": {
    "area": 1.1283791670955126,
    "sdp_basic": 1.1283792044639798,
    "sdp_rlt": 1.1283791673600645,
    "best": 1.1283791670955126,
    "known": 1.0
  },
  "5": {
    "area": 1.2615662610100802,
    "sdp_basic": 1.2615661731881072,
    "sdp_rlt": 1.2615662613469372,
    "best": 1.2615661731881072,
    "known": 1.0854
  }
}