{
  "n": 26,
  "x": [
    0.5013319244967335,
    0.7283701485368314,
    0.5966412164069816,
    0.5005716308610171,
    0.4047802670507484,
    0.2730942856657178,
    0.2973903962807177,
    0.5044682393260885,
    0.7052539409715719,
    0.9042676707333971,
    0.7602894720984869,
    0.6868841900482816,
    0.3140569779946276,
    0.24064759841313954,
    0.09615133400539044,
    0.10346723331830682,
    0.10518256022927533,
    0.29769047489061357,
    0.7053905112387081,
    0.8932098554107312,
    0.8969394798981025,
    0.08492626241340065,
    0.9153604993457539,
    0.11115617937156931,
    0.8892209872481973,
    0.5027155537961605
  ],
  "y": [
    0.5299634197561865,
    0.5976347963974249,
    0.742417049525872,
    0.9060726627631578,
    0.742049443484792,
    0.5960427019177355,
    0.3816658444408157,
    0.27534261674898,
    0.38692355339829815,
    0.6832585349914024,
    0.7636735694097463,
    0.9076084484697916,
    0.907407905089298,
    0.7629588636802889,
    0.6820800429507947,
    0.48259558220880383,
    0.27395283960135336,
    0.13325857273414538,
    0.1302211010282564,
    0.27478328332830404,
    0.48460080265037586,
    0.08492626241340048,
    0.08463950065424564,
    0.8888438206284306,
    0.8892209872481961,
    0.07886037287385762
  ],
  "r": [
    0.13701043018744247,
    0.0998983506527371,
    0.09584232580508287,
    0.09392733733683208,
    0.09601897581784886,
    0.10060036787876508,
    0.11514888022153208,
    0.1176296881082985,
    0.11207708901145666,
    0.0957323293665893,
    0.06918067641414521,
    0.09239155163019276,
    0.09259209501068962,
    0.06944019376819537,
    0.09615133410537387,
    0.10346723341829325,
    0.10518256032926045,
    0.13325857283412915,
    0.13022110112823834,
    0.10679014468925294,
    0.10306052020188146,
    0.08492626251338369,
    0.08463950075422898,
    0.11115617947155364,
    0.11077901285178697,
    0.07886037297384499
  ],
  "sum_r": 2.635983086481036,
  "contacts_dd": [
    [
      0,
      1
    ],
    [
      0,
      2
    ],
    [
      0,
      4
    ],
    [
      0,
      5
    ],
    [
      0,
      6
    ],
    [
      0,
      7
    ],
    [
      0,
      8
    ],
    [
      1,
      2
    ],
    [
      1,
      8
    ],
    [
      1,
      9
    ],
    [
      1,
      10
    ],
    [
      1,
      20
    ],
    [
      2,
      3
    ],
    [
      2,
      4
    ],
    [
      2,
      10
    ],
    [
      2,
      11
    ],
    [
      3,
      4
    ],
    [
      3,
      11
    ],
    [
      3,
      12
    ],
    [
      4,
      5
    ],
    [
      4,
      12
    ],
    [
      4,
      13
    ],
    [
      5,
      6
    ],
    [
      5,
      13
    ],
    [
      5,
      14
    ],
    [
      5,
      15
    ],
    [
      6,
      7
    ],
    [
      6,
      15
    ],
    [
      6,
      16
    ],
    [
      6,
      17
    ],
    [
      7,
      8
    ],
    [
      7,
      17
    ],
    [
      7,
      18
    ],
    [
      7,
      25
    ],
    [
      8,
      19
    ],
    [
      8,
      20
    ],
    [
      9,
      10
    ],
    [
      9,
      20
    ],
    [
      9,
      24
    ],
    [
      10,
      11
    ],
    [
      10,
      24
    ],
    [
      11,
      24
    ],
    [
      12,
      13
    ],
    [
      12,
      23
    ],
    [
      13,
      14
    ],
    [
      13,
      23
    ],
    [
      14,
      15
    ],
    [
      14,
      23
    ],
    [
      15,
      16
    ],
    [
      16,
      17
    ],
    [
      16,
      21
    ],
    [
      17,
      21
    ],
    [
      17,
      25
    ],
    [
      18,
      19
    ],
    [
      18,
      22
    ],
    [
      18,
      25
    ],
    [
      19,
      20
    ],
    [
      19,
      22
    ]
  ],
  "contacts_wall": [
    [
      3,
      "T"
    ],
    [
      9,
      "R"
    ],
    [
      11,
      "T"
    ],
    [
      12,
      "T"
    ],
    [
      14,
      "L"
    ],
    [
      15,
      "L"
    ],
    [
      16,
      "L"
    ],
    [
      17,
      "B"
    ],
    [
      18,
      "B"
    ],
    [
      19,
      "R"
    ],
    [
      20,
      "R"
    ],
    [
      21,
      "L"
    ],
    [
      21,
      "B"
    ],
    [
      22,
      "R"
    ],
    [
      22,
      "B"
    ],
    [
      23,
      "L"
    ],
    [
      23,
      "T"
    ],
    [
      24,
      "R"
    ],
    [
      24,
      "T"
    ],
    [
      25,
      "B"
    ]
  ],
  "lambda_dd": [
    -0.5706415880683274,
    -0.08230874358643418,
    -0.08449980385142045,
    -0.5760958859764512,
    -0.3612887465053772,
    -0.020825602215626886,
    -0.37200290993297264,
    -0.41186455919867593,
    -0.16855295479494264,
    -0.4769485676100804,
    -0.2308753260996339,
    -0.5721371740623257,
    -0.24538330099217343,
    -0.950250844962121,
    -0.9149076325627105,
    -0.10812113330991754,
    -0.24283916657837715,
    -0.8843629594876785,
    -0.8850773961655177,
    -0.40590604253048607,
    -0.10784391179418658,
    -0.916943784656954,
    -0.1586917199141955,
    -0.22558652593827389,
    -0.4723606192838371,
    -0.5771135727619393,
    -0.6151551095247767,
    -0.4551100095854843,
    -0.5669037424952753,
    -0.028437287113637282,
    -0.6291283886352509,
    -0.30423790950550583,
    -0.3209984965751054,
    -0.26005150038854746,
    -0.5750744759885225,
    -0.4705342660512843,
    -0.88492318527419,
    -0.19549809120367528,
    -0.04133859573253066,
    -0.4644066562628658,
    -0.4946244352498439,
    -0.6940665226019345,
    -0.45993373389482384,
    -0.6954157331665362,
    -0.8848302601268401,
    -0.49214649993156495,
    -0.19542282123464003,
    -0.03898380997041828,
    -0.2804868936778652,
    -0.3304582993870942,
    -0.3866698177905946,
    -0.7210113205816412,
    -0.7517136116639017,
    -0.34061625836229403,
    -0.7343229400854321,
    -0.7581812572357756,
    -0.2742748300053326,
    -0.38284944599514836
  ],
  "lambda_wall": [
    -0.15489926335439372,
    -0.42671674697969025,
    -0.19765062086590324,
    -0.19672287905532482,
    -0.4269003783428735,
    -0.3704037596105242,
    -0.3285311079790935,
    -0.04208991883627489,
    -0.04682332351538595,
    -0.3251193347675213,
    -0.3724593801040692,
    -0.3224758095925693,
    -0.21587803009993503,
    -0.325332281510857,
    -0.21253611331325586,
    -0.40848842049323897,
    -0.11420904873578966,
    -0.40717173265616086,
    -0.11570179585158592,
    -0.26185622209814546
  ],
  "n_primal": 78,
  "n_dual": 78,
  "n_eqns": 156,
  "stationarity_residual_inf": 1.1102230246251565e-15,
  "active_tol": 5e-07
}