{
  "n": 26,
  "m": 78,
  "x": [
    0.5013319244965979,
    0.7283701485139985,
    0.596641216397319,
    0.5005716308609607,
    0.40478026706026726,
    0.2730942856884042,
    0.2973903963009757,
    0.5044682393256431,
    0.7052539409510507,
    0.9042676706929784,
    0.7602894720724634,
    0.6868841900295982,
    0.3140569780132173,
    0.24064759843906822,
    0.096151334045765,
    0.10346723335795219,
    0.10518256026874903,
    0.29769047491084016,
    0.7053905112181731,
    0.8932098553714191,
    0.8969394798584175,
    0.08492626245489908,
    0.9153604993042269,
    0.11115617941044487,
    0.8892209872092841,
    0.5027155537958907
  ],
  "y": [
    0.529963419753192,
    0.5976347963876628,
    0.7424170495016356,
    0.9060726627225565,
    0.7420494434605924,
    0.5960427019081352,
    0.381665844452646,
    0.2753426167714403,
    0.38692355340960205,
    0.6832585349730809,
    0.7636735693833857,
    0.9076084484290411,
    0.9074079050485646,
    0.7629588636539986,
    0.6820800429325906,
    0.48259558221054255,
    0.2739528396239524,
    0.13325857277081157,
    0.1302211010652244,
    0.27478328335082064,
    0.48460080265191596,
    0.08492626245489908,
    0.08463950069577308,
    0.8888438205895551,
    0.889220987209284,
    0.07886037291596375
  ],
  "r": [
    0.13701043012374758,
    0.09989835059275469,
    0.09584232574550473,
    0.09392733727744354,
    0.09601897575825386,
    0.10060036781871141,
    0.11514888016002299,
    0.11762968804654178,
    0.11207708895025614,
    0.09573232930702155,
    0.06918067635723446,
    0.09239155157095884,
    0.09259209495143549,
    0.06944019371125837,
    0.096151334045765,
    0.10346723335795219,
    0.10518256026874903,
    0.13325857277081157,
    0.1302211010652244,
    0.10679014462858104,
    0.10306052014158244,
    0.08492626245489908,
    0.08463950069577308,
    0.11115617941044487,
    0.11077901279071589,
    0.07886037291596375
  ],
  "lambda": [
    0.5706415883862795,
    0.08230874361027529,
    0.08449980387688642,
    0.5760958862985994,
    0.36128874669263694,
    0.020825602206287885,
    0.37200291012784903,
    0.4118645594542376,
    0.1685529548995408,
    0.4769485678630582,
    0.23087532624716606,
    0.5721371744127017,
    0.2453833011409953,
    0.9502508456166847,
    0.9149076332117879,
    0.1081211333350634,
    0.24283916672419187,
    0.8843629599507069,
    0.8850773966298022,
    0.40590604278059156,
    0.10784391181931559,
    0.9169437853076351,
    0.15869172000907955,
    0.22558652607980056,
    0.4723606195341724,
    0.5771135731149263,
    0.6151551098606656,
    0.4551100098208924,
    0.566903742806343,
    0.028437287124313395,
    0.6291283889789321,
    0.30423790968365755,
    0.32099849676189995,
    0.26005150048658343,
    0.575074476304758,
    0.4705342662958971,
    0.8849231859035872,
    0.19549809109073762,
    0.041338595483028526,
    0.46440665658378194,
    0.49462443559008473,
    0.694066522923091,
    0.459933734210287,
    0.6954157334904331,
    0.8848302607554422,
    0.49214650026917606,
    0.19542282112113812,
    0.03898380971919008,
    0.2804868936474134,
    0.33045829958412737,
    0.38666981778758786,
    0.721011320919535,
    0.7517136120198873,
    0.3406162585636498,
    0.7343229404308474,
    0.7581812575950552,
    0.2742748299732738,
    0.38284944599318627,
    0.15489926343277696,
    0.42671674719809877,
    0.1976506209600723,
    0.19672287914836714,
    0.42690037856124874,
    0.37040375978610224,
    0.3285311081419145,
    0.04208991887204758,
    0.04682332355475281,
    0.32511933492985784,
    0.3724593802801524,
    0.3224758097039903,
    0.21587803010987647,
    0.32533228162329775,
    0.21253611332274613,
    0.4084884206788109,
    0.11420904869345946,
    0.40717173284066016,
    0.11570179581086516,
    0.26185622218611804
  ],
  "contacts_dd": [
    [
      0,
      1
    ],
    [
      0,
      2
    ],
    [
      0,
      4
    ],
    [
      0,
      5
    ],
    [
      0,
      6
    ],
    [
      0,
      7
    ],
    [
      0,
      8
    ],
    [
      1,
      2
    ],
    [
      1,
      8
    ],
    [
      1,
      9
    ],
    [
      1,
      10
    ],
    [
      1,
      20
    ],
    [
      2,
      3
    ],
    [
      2,
      4
    ],
    [
      2,
      10
    ],
    [
      2,
      11
    ],
    [
      3,
      4
    ],
    [
      3,
      11
    ],
    [
      3,
      12
    ],
    [
      4,
      5
    ],
    [
      4,
      12
    ],
    [
      4,
      13
    ],
    [
      5,
      6
    ],
    [
      5,
      13
    ],
    [
      5,
      14
    ],
    [
      5,
      15
    ],
    [
      6,
      7
    ],
    [
      6,
      15
    ],
    [
      6,
      16
    ],
    [
      6,
      17
    ],
    [
      7,
      8
    ],
    [
      7,
      17
    ],
    [
      7,
      18
    ],
    [
      7,
      25
    ],
    [
      8,
      19
    ],
    [
      8,
      20
    ],
    [
      9,
      10
    ],
    [
      9,
      20
    ],
    [
      9,
      24
    ],
    [
      10,
      11
    ],
    [
      10,
      24
    ],
    [
      11,
      24
    ],
    [
      12,
      13
    ],
    [
      12,
      23
    ],
    [
      13,
      14
    ],
    [
      13,
      23
    ],
    [
      14,
      15
    ],
    [
      14,
      23
    ],
    [
      15,
      16
    ],
    [
      16,
      17
    ],
    [
      16,
      21
    ],
    [
      17,
      21
    ],
    [
      17,
      25
    ],
    [
      18,
      19
    ],
    [
      18,
      22
    ],
    [
      18,
      25
    ],
    [
      19,
      20
    ],
    [
      19,
      22
    ]
  ],
  "contacts_wall": [
    [
      3,
      "T"
    ],
    [
      9,
      "R"
    ],
    [
      11,
      "T"
    ],
    [
      12,
      "T"
    ],
    [
      14,
      "L"
    ],
    [
      15,
      "L"
    ],
    [
      16,
      "L"
    ],
    [
      17,
      "B"
    ],
    [
      18,
      "B"
    ],
    [
      19,
      "R"
    ],
    [
      20,
      "R"
    ],
    [
      21,
      "L"
    ],
    [
      21,
      "B"
    ],
    [
      22,
      "R"
    ],
    [
      22,
      "B"
    ],
    [
      23,
      "L"
    ],
    [
      23,
      "T"
    ],
    [
      24,
      "R"
    ],
    [
      24,
      "T"
    ],
    [
      25,
      "B"
    ]
  ],
  "sum_r_polished": 2.635983084917608,
  "sum_r_parent": 2.635983086481036,
  "F_inf_polished": 4.163336342344337e-16,
  "convention": "L = f - sum lam g; g <= 0; lam >= 0"
}