{
  "eps": 1e-12,
  "K_lo": [
    0.5013319244965979,
    0.7283701485139985,
    0.5966412163973189,
    0.5005716308609606,
    0.40478026706026726,
    0.2730942856884042,
    0.2973903963009757,
    0.5044682393256431,
    0.7052539409510507,
    0.9042676706929783,
    0.7602894720724634,
    0.6868841900295981,
    0.3140569780132173,
    0.24064759843906822,
    0.096151334045765,
    0.10346723335795219,
    0.10518256026874903,
    0.29769047491084016,
    0.7053905112181731,
    0.893209855371419,
    0.8969394798584175,
    0.08492626245489907,
    0.9153604993042269,
    0.11115617941044487,
    0.8892209872092841,
    0.5027155537958906,
    0.5299634197531919,
    0.5976347963876628,
    0.7424170495016356,
    0.9060726627225565,
    0.7420494434605924,
    0.5960427019081351,
    0.381665844452646,
    0.27534261677144023,
    0.38692355340960205,
    0.6832585349730809,
    0.7636735693833856,
    0.9076084484290411,
    0.9074079050485645,
    0.7629588636539985,
    0.6820800429325905,
    0.4825955822105425,
    0.2739528396239524,
    0.13325857277081157,
    0.13022110106522436,
    0.2747832833508206,
    0.48460080265191596,
    0.08492626245489907,
    0.08463950069577307,
    0.888843820589555,
    0.8892209872092841,
    0.07886037291596373,
    0.13701043012374756,
    0.09989835059275469,
    0.09584232574550473,
    0.0939273372774435,
    0.09601897575825383,
    0.1006003678187114,
    0.11514888016002298,
    0.1176296880465418,
    0.11207708895025613,
    0.0957323293070216,
    0.06918067635723447,
    0.09239155157095884,
    0.09259209495143546,
    0.06944019371125837,
    0.096151334045765,
    0.10346723335795219,
    0.10518256026874903,
    0.13325857277081157,
    0.13022110106522436,
    0.106790144628581,
    0.10306052014158247,
    0.08492626245489907,
    0.08463950069577307,
    0.11115617941044487,
    0.11077901279071588,
    0.07886037291596373,
    0.5706415883862793,
    0.08230874361027525,
    0.08449980387688646,
    0.5760958862985993,
    0.36128874669263683,
    0.02082560220628788,
    0.372002910127849,
    0.41186455945423767,
    0.1685529548995409,
    0.47694856786305806,
    0.23087532624716614,
    0.5721371744127013,
    0.24538330114099546,
    0.9502508456166846,
    0.9149076332117877,
    0.10812113333506333,
    0.24283916672419206,
    0.8843629599507068,
    0.8850773966298024,
    0.40590604278059167,
    0.10784391181931566,
    0.9169437853076349,
    0.15869172000907972,
    0.22558652607980068,
    0.47236061953417213,
    0.5771135731149262,
    0.6151551098606655,
    0.45511000982089234,
    0.5669037428063428,
    0.028437287124313492,
    0.6291283889789321,
    0.30423790968365755,
    0.3209984967618999,
    0.2600515004865835,
    0.575074476304758,
    0.4705342662958971,
    0.8849231859035869,
    0.19549809109073768,
    0.04133859548302868,
    0.46440665658378183,
    0.4946244355900848,
    0.6940665229230906,
    0.4599337342102871,
    0.695415733490433,
    0.8848302607554422,
    0.49214650026917595,
    0.19542282112113818,
    0.03898380971918997,
    0.2804868936474134,
    0.3304582995841274,
    0.3866698177875879,
    0.7210113209195349,
    0.7517136120198871,
    0.3406162585636499,
    0.7343229404308473,
    0.7581812575950551,
    0.27427482997327396,
    0.3828494459931863,
    0.15489926343277685,
    0.4267167471980987,
    0.19765062096007244,
    0.19672287914836706,
    0.4269003785612487,
    0.3704037597861022,
    0.3285311081419145,
    0.042089918872047605,
    0.046823323554752896,
    0.32511933492985773,
    0.3724593802801524,
    0.32247580970399026,
    0.2158780301098765,
    0.3253322816232977,
    0.2125361133227461,
    0.40848842067881086,
    0.11420904869345949,
    0.40717173284065994,
    0.11570179581086526,
    0.26185622218611804
  ],
  "K_hi": [
    0.5013319244965979,
    0.7283701485139985,
    0.5966412163973189,
    0.5005716308609606,
    0.40478026706026726,
    0.2730942856884042,
    0.2973903963009757,
    0.5044682393256431,
    0.7052539409510507,
    0.9042676706929783,
    0.7602894720724634,
    0.6868841900295981,
    0.3140569780132173,
    0.24064759843906822,
    0.096151334045765,
    0.10346723335795219,
    0.10518256026874903,
    0.29769047491084016,
    0.7053905112181731,
    0.893209855371419,
    0.8969394798584175,
    0.08492626245489907,
    0.9153604993042269,
    0.11115617941044487,
    0.8892209872092841,
    0.5027155537958906,
    0.5299634197531919,
    0.5976347963876628,
    0.7424170495016356,
    0.9060726627225565,
    0.7420494434605924,
    0.5960427019081351,
    0.381665844452646,
    0.27534261677144023,
    0.38692355340960205,
    0.6832585349730809,
    0.7636735693833856,
    0.9076084484290411,
    0.9074079050485645,
    0.7629588636539985,
    0.6820800429325905,
    0.4825955822105425,
    0.2739528396239524,
    0.13325857277081157,
    0.13022110106522436,
    0.2747832833508206,
    0.48460080265191596,
    0.08492626245489907,
    0.08463950069577307,
    0.888843820589555,
    0.8892209872092841,
    0.07886037291596373,
    0.13701043012374756,
    0.09989835059275469,
    0.09584232574550473,
    0.0939273372774435,
    0.09601897575825383,
    0.1006003678187114,
    0.11514888016002298,
    0.1176296880465418,
    0.11207708895025613,
    0.0957323293070216,
    0.06918067635723447,
    0.09239155157095884,
    0.09259209495143546,
    0.06944019371125837,
    0.096151334045765,
    0.10346723335795219,
    0.10518256026874903,
    0.13325857277081157,
    0.13022110106522436,
    0.106790144628581,
    0.10306052014158247,
    0.08492626245489907,
    0.08463950069577307,
    0.11115617941044487,
    0.11077901279071588,
    0.07886037291596373,
    0.5706415883862793,
    0.08230874361027525,
    0.08449980387688646,
    0.5760958862985993,
    0.36128874669263683,
    0.02082560220628788,
    0.372002910127849,
    0.41186455945423767,
    0.1685529548995409,
    0.47694856786305806,
    0.23087532624716614,
    0.5721371744127013,
    0.24538330114099546,
    0.9502508456166846,
    0.9149076332117877,
    0.10812113333506333,
    0.24283916672419206,
    0.8843629599507068,
    0.8850773966298024,
    0.40590604278059167,
    0.10784391181931566,
    0.9169437853076349,
    0.15869172000907972,
    0.22558652607980068,
    0.47236061953417213,
    0.5771135731149262,
    0.6151551098606655,
    0.45511000982089234,
    0.5669037428063428,
    0.028437287124313492,
    0.6291283889789321,
    0.30423790968365755,
    0.3209984967618999,
    0.2600515004865835,
    0.575074476304758,
    0.4705342662958971,
    0.8849231859035869,
    0.19549809109073768,
    0.04133859548302868,
    0.46440665658378183,
    0.4946244355900848,
    0.6940665229230906,
    0.4599337342102871,
    0.695415733490433,
    0.8848302607554422,
    0.49214650026917595,
    0.19542282112113818,
    0.03898380971918997,
    0.2804868936474134,
    0.3304582995841274,
    0.3866698177875879,
    0.7210113209195349,
    0.7517136120198871,
    0.3406162585636499,
    0.7343229404308473,
    0.7581812575950551,
    0.27427482997327396,
    0.3828494459931863,
    0.15489926343277685,
    0.4267167471980987,
    0.19765062096007244,
    0.19672287914836706,
    0.4269003785612487,
    0.3704037597861022,
    0.3285311081419145,
    0.042089918872047605,
    0.046823323554752896,
    0.32511933492985773,
    0.3724593802801524,
    0.32247580970399026,
    0.2158780301098765,
    0.3253322816232977,
    0.2125361133227461,
    0.40848842067881086,
    0.11420904869345949,
    0.40717173284065994,
    0.11570179581086526,
    0.26185622218611804
  ],