{
  "all_metrics": [],
  "best": 2.6359830849178305,
  "base": 2.6359830849176227,
  "n_valid": 0,
  "top_solutions": [
    2.6359830849178305
  ]
}