{
  "all_metrics": [
    2.6270206542489696,
    2.6248504986303356,
    2.6188957237809025,
    2.615903228642282,
    2.6156264160015867,
    2.615582379579716,
    2.6143922892129305,
    2.613703345698199,
    2.6121029516636294,
    2.6110722470608048,
    2.608682455004712,
    2.608434872010622,
    2.608071123182803,
    2.6074104874250517,
    2.6068895048756944,
    2.6056987543961876,
    2.6052424322921954,
    2.605060783607478,
    2.6048183354887433,
    2.60480731313496,
    2.604633191707753,
    2.604261294101466,
    2.6018439091741272,
    2.6016365939989714,
    2.601001629917736,
    2.59996710418285,
    2.599454174015157,
    2.5992908755424584,
    2.5981631557351643,
    2.5977977298355217,
    2.5974622280735726,
    2.5972696515894325,
    2.597269580986978,
    2.5972538641118996,
    2.5968117915545315,
    2.5967158274192808,
    2.5964893033550562,
    2.595724561259799,
    2.595481096740883,
    2.5947318312027994,
    2.5945092424433254,
    2.5940726720592897,
    2.5936049453569843,
    2.5935938924274606,
    2.5934832328171846,
    2.592785590971113,
    2.592102110046122,
    2.5908641611405927,
    2.590803771552477,
    2.590354914188859,
    2.590157863779072,
    2.5888403741263146,
    2.5883240922016277,
    2.587811192600016,
    2.58735797871467,
    2.586574211005525,
    2.586445292543191,
    2.584692988347022,
    2.5843409466781044,
    2.584183583820277,
    2.584063532688057,
    2.5835974586666186,
    2.583581540941218,
    2.5828167657410903,
    2.5824648670745805,
    2.5823291143507383,
    2.581880277914429,
    2.5812886719085255,
    2.580640408500432,
    2.580394996324773,
    2.580353000465591,
    2.580003528136006,
    2.57939781608026,
    2.5793961365155385,
    2.5790443603526807,
    2.5782544474950986,
    2.5782449781625507,
    2.5781512346159463,
    2.5779127850827623,
    2.576977114713033,
    2.576714245648418,
    2.576532347662251,
    2.5763588568658933,
    2.574971585092196,
    2.574085011020775,
    2.573593217412537,
    2.5728955454141684,
    2.572163370870496,
    2.5719601439356317,
    2.5705476078805387,
    2.570104566733717,
    2.5698131310301062,
    2.5667231893145326,
    2.566602755509512,
    2.5645889462844984,
    2.5644380803062803,
    2.5644339984129236,
    2.5636373654244813,
    2.5623662776956437,
    2.5613652176095645
  ],
  "best": 2.6359830855183195,
  "base": 2.6359830849176227,
  "n_valid": 113
}