{
  "best_metric": 2.6359830849176227,
  "parent_metric": 2.6359830849176227,
  "n_topologies": 44,
  "total_time": 388.886029958725,
  "top_results": [
    [
      "perturb_perturb_redistribute_sizes_s100555",
      2.6359773947543643,
      "41b6ad8f1a10"
    ],
    [
      "perturb_perturb_swap_and_resize_s100346",
      2.6359773947543617,
      "1ce059586023"
    ],
    [
      "perturb_perturb_redistribute_sizes_s100405",
      2.635977394754354,
      "0f424ff75fd2"
    ],
    [
      "perturb_perturb_redistribute_sizes_s100111",
      2.635977394754352,
      "55682642d31e"
    ],
    [
      "perturb_perturb_redistribute_sizes_s100375",
      2.6359773947543506,
      "dbfc74aa4c74"
    ],
    [
      "perturb_perturb_swap_and_resize_s100352",
      2.635977394754347,
      "48987b489469"
    ],
    [
      "perturb_perturb_redistribute_sizes_s100021",
      2.6359773947543292,
      "8d39aeef8642"
    ],
    [
      "perturb_perturb_redistribute_sizes_s100387",
      2.635977394754319,
      "a2353748326b"
    ],
    [
      "perturb_perturb_explode_region_s100432",
      2.6359773947542986,
      "48b2879ad3a1"
    ],
    [
      "perturb_perturb_swap_and_resize_s100034",
      2.6359773947542426,
      "6fabd15ab7f5"
    ],
    [
      "perturb_perturb_explode_region_s100054",
      2.6261664956430337,
      "6247c22fc4cb"
    ],
    [
      "ring_i7_s4",
      2.6231906216802625,
      "fb4eff7b976c"
    ],
    [
      "perturb_perturb_explode_region_s100246",
      2.6222388986082947,
      "095c038cb575"
    ],
    [
      "perturb_perturb_remove_readd_s100569",
      2.62153387824053,
      "7f22891b1eeb"
    ],
    [
      "cluster_c3_s8",
      2.620258041567298,
      "064d410ea184"
    ],
    [
      "greedy_L3_s12",
      2.619681698244846,
      "8a2b54f42edd"
    ],
    [
      "poisson_s4",
      2.6175335541074136,
      "774ba54a5074"
    ],
    [
      "perturb_perturb_mirror_region_s100056",
      2.614030121642762,
      "9f4ae81da4d0"
    ],
    [
      "perturb_perturb_explode_region_s100486",
      2.6118466496786015,
      "ca6c38142925"
    ],
    [
      "perturb_perturb_remove_readd_s100335",
      2.61125816142893,
      "65fc8615d4da"
    ],
    [
      "greedy_L6_s1",
      2.610027478080071,
      "325d4a0cc5be"
    ],
    [
      "grid_6x5_s7",
      2.6097089300088094,
      "4ec08481a0e4"
    ],
    [
      "twobig_s44",
      2.608915372089039,
      "2c915577a55b"
    ],
    [
      "perturb_perturb_rotate_cluster_s100079",
      2.608838448751639,
      "e60d89083d78"
    ],
    [
      "greedy_L6_s0",
      2.6049160810872483,
      "0a667e2951fb"
    ],
    [
      "perturb_perturb_remove_readd_s100461",
      2.6047808426649484,
      "8f99e62ffb9a"
    ],
    [
      "grid_4x5_s9",
      2.602721095588556,
      "b3593bda92c4"
    ],
    [
      "greedy_L8_s0",
      2.601521662573837,
      "a937b08acb3d"
    ],
    [
      "asym_s59",
      2.600453842700896,
      "f43b81908845"
    ],
    [
      "perturb_perturb_mirror_region_s100248",
      2.600084136435637,
      "88b5254406ca"
    ],
    [
      "ring_i6_s3",
      2.5996092874293084,
      "07d01d34b3ac"
    ],
    [
      "ring_i11_s3",
      2.5974771307479387,
      "9abd51cc3985"
    ],
    [
      "perturb_perturb_explode_region_s100114",
      2.597291090183312,
      "168cd9b0fa7c"
    ],
    [
      "poisson_s14",
      2.5966859002361415,
      "ab079a9e6095"
    ],
    [
      "cluster_c4_s1",
      2.5961508495668095,
      "e80c2a53f739"
    ],
    [
      "edge_s17",
      2.596060851811628,
      "b08be43a817b"
    ],
    [
      "perturb_perturb_remove_readd_s100587",
      2.594228852110015,
      "89130cecb87b"
    ],
    [
      "perturb_perturb_rotate_cluster_s100481",
      2.588106464127589,
      "dfd7e71f08b5"
    ],
    [
      "asym_s27",
      2.585936964791479,
      "8a69b78df671"
    ],
    [
      "perturb_perturb_rotate_cluster_s100325",
      2.585764629153038,
      "d474d87fd787"
    ],
    [
      "greedy_L3_s15",
      2.5831423338615367,
      "7f46b46a22db"
    ],
    [
      "greedy_L2_s16",
      2.5800666196012805,
      "ef8e00b3414e"
    ],
    [
      "perturb_perturb_explode_region_s100480",
      2.576946935279063,
      "d080974cffa8"
    ],
    [
      "greedy_L6_s26",
      2.554917857268171,
      "66e08ad93df6"
    ]
  ]
}